id,course,uuid
0,802x,wmPiQm75arU
1,802x,X0aAiU6SrPM
2,802x,HCjx0RgQDCw
3,802x,HoAYqHvjVe0
4,802x,WMycCrr0msU
5,802x,4xrZKENIn98
6,802x,OfauuechdLI
7,802x,xX7BIfZMhS0
8,802x,Cv_eGvWzKH8
9,802x,ELG7s6yhUiY
10,802x,NMUZ5bzbFoM
11,802x,fdpwKGV7teU
12,802x,_1Q0gkyyrvM
13,802x,meC9GuI7x6Y
14,802x,lu82aTRJJjI
15,802x,0OX_5hzL4No
16,802x,mmqPLtfEZHk
17,802x,RUuGdS-5nFk
18,802x,-KMcIBZ0z8Q
19,802x,rG2qivGt53Q
20,802x,eHbPmOA5iG4
21,802x,IPlyjw69GCs
22,802x,X9JP2yAzPSw
23,802x,cP6cQaKoFOg
24,802x,I0BOg_gBCDY
25,802x,xz7LVvfOSvk
26,802x,rXSYoTz43Qs
27,802x,TL_kwajtJe8
28,802x,o481GYJXFtM
29,802x,JdYw-Dz0KAQ
30,802x,W4DuaG-OwwA
31,802x,bGnnWnihyVA
32,802x,mFFh44ZTXsU
33,802x,-KT9zCXeAwE
34,802x,u1Zr-BrfThk
35,802x,phkDisxstyM
36,802x,9jKjgYuGAwk
37,802x,PbLZw9FySS8
38,802x,Wq_q4ZM375w
39,802x,hEl-Q2e5b7Y
40,802x,SIMvTEwBciA
41,802x,fKEZxH5V1zg
42,802x,tnY92TD54YE
43,802x,jge9ARa8Dx8
44,802x,nofUUuGnhEQ
45,802x,buBVxbun5AU
46,802x,eCx_ke4tzac
47,802x,-et3jBdqrQ4
48,802x,W4PzdxyTCE0
49,802x,JYpHWK6WaW4
50,802x,lzdIds5BBVs
51,802x,D8R8AUGLms4
52,802x,ok_4zuaCyVY
53,802x,RWO8a_usCCA
54,802x,WO4xf4BouC0
55,802x,BrX-TdWUOPs
56,802x,ILKFrKXcdZI
57,802x,tn1ZApo8DzQ
58,802x,BmiailETL90
59,802x,uW7U3Z6Z_WI
60,802x,Coa7NAeGTrw
61,802x,I6DCQ2DLTAI
62,802x,XxAiQ_M1_y8
63,802x,UPS96mAvP4s
64,802x,w2NTCl81F0E
65,802x,0JjT3nvo5T4
66,802x,xykNaLf8lQM
67,802x,wSLPomFgjZQ
68,802x,9GMiEw53G7E
69,802x,JNYPW0YikJo
70,802x,5Ma5U0eALQk
71,802x,NL5Lh6kjOYI
72,802x,QsIyjd6kb40
73,802x,dZKE1sUXjsk
74,802x,6s-Jja16H0M
75,802x,5H0geVxMhG8
76,802x,Va0GgQhms1w
77,802x,okDt0KshtXw
78,802x,h0CDbGBe_-o
79,802x,Vte05p8dSyM
80,802x,Iv_tSIsgA30
81,802x,AyF9dmbQ8O4
82,802x,VADk4QInqv0
83,802x,WGkVGVwIsSo
84,802x,zmUvRB87-LM
85,802x,_F52OHULINY
86,802x,WelU6j3rjMA
87,802x,k7cUbJU3tbA
88,802x,vhrfbLwtJk4
89,802x,y_QJVVJRso4
90,802x,3ufRA-gz1PQ
91,802x,voW00sslmn4
92,802x,7FU9yizH87Y
93,802x,-qKm16GcC7A
94,802x,tn40cFvq55g
95,802x,qEvaSgX78Wk
96,802x,p53utDz__rY
97,802x,UOC2hYPY7hg
98,802x,AG-nkrMJSZo
99,802x,jdf5HdycB4k
100,802x,WWmjihC4yWY
101,802x,vrnTEr8Drf0
102,802x,-abDZnT_XMk
103,802x,57wsywmsHyk
104,802x,1vkBAd-ZrmY
105,802x,EV52iV_mdP8
106,802x,nNRd6uSmsUQ
107,802x,Gnxv2bDB6eU
108,802x,8Wy9bku2iZ8
109,802x,ujD_0e0tsjw
110,802x,ZeGvg8fNUsI
111,802x,f9-HIhYx-1w
112,802x,nPpB7_QpkoM
113,802x,-n1m_ipE2ec
114,802x,G3CLfNiXwoI
115,802x,goIwueetWkw
116,802x,EFDyb5ZRM8A
117,802x,7Fnrm2QQovI
118,802x,4S5ufR1E85E
119,802x,VV2UtrCtb5A
120,802x,KJNyeASbp2w
121,802x,B3juqd9weXg
122,802x,NzM7xDiX3Rc
123,802x,ZiJ6XmKp0B8
124,802x,mXfLErj4Rog
125,802x,H4lx09AClpE
126,802x,7gvw1qbsuFg
127,802x,CqB6OqK3kLs
128,802x,v9DRzVYB1w4
129,802x,-RjCr5NjBXE
130,802x,h7y5sY76XJQ
131,802x,n2BWUxPUvko
132,802x,DJu2VwzgEmk
133,802x,X-T_GVQhaOc
134,802x,z-4AybJvcMY
135,802x,X0RQlLlH-gw
136,802x,lHT_yZXJOXs
137,802x,XIAeyeXxjwg
138,802x,L4vquKGcA_c
139,802x,4qYximr5syo
140,802x,MSxcpcKrvoA
141,802x,PE6vZMTgaI4
142,802x,FGCxafZoPWo
143,802x,b8yFLCUUZKw
144,802x,11LRgJmEUUs
145,802x,1jxuOyJ0wHI
146,802x,Ru3o0GjsDkU
147,802x,1DZmOojFIb4
148,802x,0y7ZnWBXgos
149,802x,OC-FjItEvys
150,802x,UFmxW5O8J2M
151,802x,N72LBgy8gAA
152,802x,zajP4Ds5ACc
153,802x,jDBM60JbcGI
154,802x,hubwWEjCi-0
155,802x,p_DrRAV4IXs
156,802x,GpPmJIlPz_o
157,802x,HtLOmBrcJMo
158,802x,eYfK9RhPw30
159,802x,SH2llzwT-4U
160,802x,VaA0uWGgUqA
161,802x,n3fnXQ5u7u4
162,802x,DgPk65_HZYA
163,802x,7Z0cybc4GIk
164,802x,T3jyKhFEvMA
165,802x,e1IlmwCvRr8
166,802x,N1JvQLGTpUg
167,802x,ieAvuWcBJPw
168,802x,BuDOOgg2Aco
169,802x,rN8AdcNv2u4
170,802x,BGypt4a7qyo
171,802x,IygNf482eaA
172,802x,CT5WhTyxT04
173,802x,kPPY2a-3OO0
174,802x,1_ejEwjBv_s
175,802x,FliuNIe6O1c
176,802x,TTqHyPLfpWs
177,802x,1SUWZJpypZE
178,802x,wzAcbI6cXOw
179,802x,ARNyRGib7aU
180,802x,zninfnTbfkE
181,802x,0840CvyPUu0
182,802x,fOwlIh3I1ww
183,802x,zpBtqqGPHNg
184,802x,cx54SoNeyx8
185,802x,nC2Hsk0JAlU
186,802x,1anyPTNPSBA
187,802x,E8IKP3zOpQ8
188,802x,6hRlzQbDzvY
189,802x,-d7JTZd84UU
190,802x,1EU9JZZm-eY
191,802x,E8BcOcyEtdc
192,802x,2O8YQrL5nHs
193,802x,9PrfKHfXTsA
194,802x,NkkISgXVASA
195,802x,WtuCDaUzJ4E
196,802x,OpfTsLmx9Ss
197,802x,1CS8mSlAVBw
198,802x,k8LX-bN1KCQ
199,802x,igKY8VZ2DnQ
200,802x,lpAMrsfVqWY
201,802x,JxBmhgVvgUA
202,802x,5cZRxcyJqMc
203,802x,hgysD2XOgGc
204,802x,sTn6bJ5TtbM
205,802x,qB-v9bRsyIs
206,802x,fTxWojVl23o
207,802x,FBZd4WhwRpg
208,802x,Kne6D8e9kFg
209,802x,SQOWMmChioM
210,802x,_JQPefVRI14
211,802x,UO99N6DMfV8
212,802x,yD25KVptgNg
213,802x,Fcl_ZPM-Alg
214,802x,-LPjMmW4BjQ
215,802x,uLJYB0jDHWc
216,802x,CLGsLICW9GQ
217,802x,ck7J9nuVXvU
218,802x,WhZdXPkvuaY
219,802x,okPeWpAjBtI
220,802x,HpG5Rxm8GDc
221,802x,RKtNvHDMCg4
222,802x,5diz0M9yBhc
223,802x,YTqMfFvbn74
224,802x,x1lBTVruopk
225,802x,cVNQ2FEpGPc
226,802x,8GhlnC3WIWY
227,802x,XPir5FtvoVc
228,802x,mZPkLqwGlLs
229,802x,iTLXhnmate0
230,802x,JkS7fxbn91U
231,802x,6nciOkjbpU0
232,802x,GfNpfDg-1mE
233,802x,-8_9d0a_jLk
234,802x,kUYGn-jsun0
235,802x,xUOFbHM8OQY
236,802x,WO7E5nDB1s8
237,802x,v-SAAg3tEjo
238,802x,dIUIwhR8JT0
239,802x,QlO5a0asIRY
240,802x,-FaGO5MNx08
241,802x,C0t5B5xIMAM
242,802x,WDzcOleTWsA
243,802x,50A82h5EK_4
244,802x,x5kcoMg0C-0
245,802x,IpqvyN7eQG0
246,802x,ex-m7D7g7CE
247,802x,EnBjscZP01Y
248,802x,Zir7S1pDVC0
249,802x,DdBa0yyRFN4
250,802x,wuEm0yWdSOM
251,802x,rRVj1Y3sLHw
252,802x,lr3yFqu4VKY
253,802x,ZTYThHH6KL4
254,802x,bo1AuGp8kqU
255,802x,RgTASB0ygw0
256,802x,EG5bITyMZ1A
257,802x,pnzcdwAj7b8
258,802x,FQOGKUYpaSI
259,802x,OsxZqaWoqkQ
260,802x,69q3mAXnFVQ
261,802x,ccYn6z2drKQ
262,802x,P-_u5esrXrk
263,802x,1OVCAutcWL8
264,802x,5NqGBWuNodA
265,802x,RemvU1CmDyk
266,802x,AKXC3dtsaKg
267,802x,csL7gZ6HyBw
268,802x,u40Z-RB79LE
269,802x,R02jK5WncT4
270,802x,bvghUZHzE7Q
271,802x,LmRYbLuOuHM
272,802x,rsaCO8uKiNc
273,802x,kAYBcy910vc
274,802x,HF2XML5bmww
275,802x,LfOce1U_1js
276,802x,NLOQQmFQRNI
277,802x,RceXmhP99tc
278,802x,j3LYdBT__kQ
279,802x,AHx9hSIOPJ0
280,802x,0ayCgz0-Rn0
281,802x,5DFRuaWgS3I
282,802x,g8AWuMHhXAI
283,802x,vKsS9AfDRFQ
284,802x,tuCwR-_dKqo
285,802x,BUEyA4_MHC8
286,802x,S1npB7n5oWo
287,802x,VoRyVtPyri8
288,802x,K3KoqtMhJeY
289,802x,JS-01sQG3_I
290,802x,E8SGrOqoLIA
291,802x,xIJOZhP_xMo
292,802x,iFGCEbT1jrU
293,802x,VsCjN62Snn0
294,802x,uwd6b9o7jWY
295,802x,I4gXpIt3gO4
296,802x,qFSbjw2liaM
297,802x,hGAIu1ui6Wo
298,802x,x1Y-BLY6Tjs
299,802x,ALXTXbNNj-M
300,802x,39_Oyhy_or0
301,802x,qmSyx-tYfkk
302,802x,wL2w8hHjc2g
303,802x,6b5Bu_eXZvU
304,802x,fo7V8iNaQoM
305,802x,6IrEBcwHg3k
306,802x,MUTq0OmCoFc
307,802x,ct-AlYuuxIc
308,802x,wQEzfokobAk
309,802x,Rf-_Ritc8w0
310,802x,Ohn1V8HT7sk
311,802x,LMTjB3tRSL0
312,802x,jGlMMGEnYbA
313,802x,qe3dhy_8h48
314,802x,90qieMRUhYk
315,802x,jiilnapaJFM
316,802x,3SPUCirjxtY
317,802x,55GLz13tBII
318,802x,qI1_FgW3Enk
319,802x,Gcb0fmUbr24
320,802x,HAruK5wnUTY
0,7012x,wBc8s8o9xAY
1,7012x,W-bZFK54E9w
2,7012x,vEJbn1y2YN0
3,7012x,yFq4EieGWF0
4,7012x,ngAocPc1jW0
5,7012x,tWCVaP1RaxI
6,7012x,e9NaOxjiCos
7,7012x,Nsr4_n5Zi6s
8,7012x,gY5bf7dEJes
9,7012x,MBvgV5Xg_ks
10,7012x,hpMzNXiPmKE
11,7012x,mjBc9JKgJfU
12,7012x,JnwMJLtkaC4
13,7012x,-Gd99mEQIWc
14,7012x,FGoQWsGHJ9E
15,7012x,ZicHvFslO2Y
16,7012x,5VR8ndRpauA
17,7012x,5rPrpdHU6Lg
18,7012x,SLImc8INBfk
19,7012x,evnpj7aX2Hk
20,7012x,RTatvsJGK3I
21,7012x,Ts0eOrjkWl8
22,7012x,dVr_DRd4ovE
23,7012x,CjEOYex__ng
24,7012x,HxTPlFVmukQ
25,7012x,C5lRsZrx_R0
26,7012x,vWFvps95yRE
27,7012x,xo5UPOB2XGg
28,7012x,ymDAQtczyi8
29,7012x,tQkncc_Nvh8
30,7012x,WoOtVS61VOM
31,7012x,-FabivA1484
32,7012x,lRUEOGoC5Eg
33,7012x,-JekPVmi4Yc
34,7012x,kdVA_yAtly4
35,7012x,-c30zKpVKYs
36,7012x,_WMDxOe1EtU
37,7012x,vUOpbhgaDas
38,7012x,LdisbzaNuPg
39,7012x,QqP07DnLYF4
40,7012x,HCALScRHT68
41,7012x,NnbqpO-IYuE
42,7012x,SqNf1JlD7SU
43,7012x,bjSZg15QclU
44,7012x,RUzz5rPqa78
45,7012x,QR3xD9bPNNA
46,7012x,VQmZXw8UBh4
47,7012x,j_4dj7QXgrY
48,7012x,-1GVPjWBFqQ
49,7012x,1mAjps7XUsU
50,7012x,_EFt9ybIp7w
51,7012x,IdFkAV3In0k
52,7012x,Pq3l24TyEbw
53,7012x,LIyX4xlA-6g
54,7012x,LhNCnKc7--k
55,7012x,llTYBEK2iB4
56,7012x,56gbYumAXIg
57,7012x,Xx3aR4zwqQY
58,7012x,pI59If4FOU4
59,7012x,_Zrw5JD-UHc
60,7012x,gg_6L2TZ704
61,7012x,qkYJMqTP5Cc
62,7012x,37dKWZKODUY
63,7012x,MnwLwyrA-_M
64,7012x,YPpKS7VnONY
65,7012x,dMYLy9JEYx8
66,7012x,WLqyppGvEZQ
67,7012x,HrI2gT0Tbyg
68,7012x,a_Oi6TlwmSQ
69,7012x,e_WOU1diDmo
70,7012x,D8m-ZEr9qV8
71,7012x,hpU0kcmfe8g
72,7012x,dLy_GL5ajco
73,7012x,L4NiL-0PIfA
74,7012x,ARAaHyGrCp0
75,7012x,0DB-Gk2IcbQ
76,7012x,t6JOlV40g3Q
77,7012x,CxMrkVsKF8k
78,7012x,bMd67kgm_gI
79,7012x,SrkK-wJ7j_I
80,7012x,0I6iJMtsTA4
81,7012x,dcHNzjo2oD4
82,7012x,uLsVEYdn_e4
83,7012x,3O8yqK63WT8
84,7012x,5yY1snYi2x0
85,7012x,OmOuXptxaTE
86,7012x,Bzj0Si_r0qY
87,7012x,pCsxTr68rHo
88,7012x,3U79DGpG4Nc
89,7012x,YWQ3SZCfOGk
90,7012x,k9cI2jwoX20
91,7012x,PrDv0L_FQu0
92,7012x,znEV0iX2r3E
93,7012x,jBr-bPwVGxE
94,7012x,Lhykdr5uyw4
95,7012x,cDiuRa8pcc4
96,7012x,iFlHZ7L7fYI
97,7012x,K8TWS0QzsFg
98,7012x,ki6ionXCKYE
99,7012x,IuwWZbMZ8xk
100,7012x,NHsfoOMEpVQ
101,7012x,JETRoGkRIpg
102,7012x,DwXHknwBXU8
103,7012x,Cirnb8hSXro
104,7012x,MXmB5QY_9UE
105,7012x,sVo7c4vSZMI
106,7012x,-csELI-3V9M
107,7012x,BsHh9F75FZ4
108,7012x,BXBTP36G0lk
109,7012x,O8TQ2fPFCFk
110,7012x,3ho9NcIrwUs
111,7012x,H6gwYdyn7II
112,7012x,Bf7NQcKAc-Q
113,7012x,KbzhWMtVayc
114,7012x,Cy9mD1AmOwc
115,7012x,-o92Q1VfXj4
116,7012x,mxbCMTlOCno
117,7012x,YN7srcX4ias
118,7012x,Hud3GvGUjNQ
119,7012x,Rd9eLIoQd9s
120,7012x,6aupP-5raoY
121,7012x,cbbnGiiu_SI
122,7012x,FfQJ7wuqV5s
123,7012x,D5fDos1OI7M
124,7012x,hAt47386uXo
125,7012x,spdZq-9T8XQ
126,7012x,imRRrzeSDvM
127,7012x,WcAswogpDC8
128,7012x,UfNOcb8eAiI
129,7012x,lmNg9B4h8h4
130,7012x,hYIzOreWMV8
131,7012x,K0Cxfs9UFNE
132,7012x,_ZJtZk4x7n4
133,7012x,wHiGlKz-cOE
134,7012x,yejB5CPUdfc
135,7012x,kNELzdDF_Vw
136,7012x,zfC22N_2hOc
137,7012x,yb_aCoqzirw
138,7012x,oKAvdAFdweA
139,7012x,REsbl3EDRAc
140,7012x,YPjPDGckQaU
141,7012x,RBMealwjaNI
142,7012x,PC3-Xi04wBA
143,7012x,Ro9vq7FmRYA
144,7012x,YqjpmKv40wc
145,7012x,HFXZmIGrcaE
146,7012x,cJqg4qn6E3E
147,7012x,mFWpUb3lfgI
148,7012x,OUrbSJfWVo4
149,7012x,CYsMRBDQ2yg
150,7012x,OjtW7ritQLg
151,7012x,ap5IaHtvGOk
152,7012x,hf3G4eD23k0
153,7012x,vXvOuunJYXM
154,7012x,gYkcrsvEhRM
155,7012x,lAEWfvYBdL0
156,7012x,8vJfbSDjGKo
157,7012x,r8V-vl9N6QY
158,7012x,Lt5SiDZsBig
159,7012x,dZ4POEpSCd0
160,7012x,khAVWR6JYHE
161,7012x,iYu5bwa9UyE
162,7012x,kbQX-WXTTKA
163,7012x,PZGRgXH5Xa8
164,7012x,z8tyUGbrnTk
165,7012x,_zEV_-BT3LI
166,7012x,gsFld6gZVVw
167,7012x,48e-C540H3E
168,7012x,qwYFGBkJRVA
169,7012x,l9_lT0odWww
170,7012x,WOVpmfoAIiU
171,7012x,Fw4-GbqmDa4
172,7012x,xc_cdw8MaHE
173,7012x,U_J743KJreY
174,7012x,65FH5iNlO-g
175,7012x,naBXoH5dmI0
176,7012x,700x_youtube_ids
177,7012x,zTKgdEPvH0M
178,7012x,Ff6Vky2YlmY
179,7012x,yuPTRGFe-7E
180,7012x,U-GyLD1zHms
181,7012x,avkJQvP3VgU
182,7012x,l8WJbKv7Cuw
183,7012x,1CkZZXWpkEs
184,7012x,DnT3AHElIoY
185,7012x,1ymnjVBpEPw
186,7012x,vHLp_UdTRd0
187,7012x,wxkoRizcVkw
188,7012x,3gvrBmls2rk
189,7012x,twoE1twluQw
0,6002x,y71vV8mxbbw
1,6002x,6nj1OCvSRI8
2,6002x,ESIwJwGFGls
3,6002x,wFH8uqtWSPA
4,6002x,5UWezTI8WcA
5,6002x,YJR2DBIXNsI
6,6002x,MqFWW78C5JI
7,6002x,KWn8YtDlARw
8,6002x,vkB1yKv-z6U
9,6002x,cX6e2zZ14Fs
10,6002x,48PDMyhYVQY
11,6002x,9vogoLiO2jM
12,6002x,9RNLqOV3nTU
13,6002x,Dr52vjOHCEk
14,6002x,0WqeVqiOxMI
15,6002x,yZYbPDvhrgY
16,6002x,R4drsBmHht0
17,6002x,N5TR-OJEFuw
18,6002x,NaWFN7gybZM
19,6002x,FGx1I9LAIGs
20,6002x,eVgIOAc3rrA
21,6002x,BSqKt1f-At4
22,6002x,VyRijfXTAtc
23,6002x,O9tX5vz5cNc
24,6002x,w6tlSJj_wcU
25,6002x,lf80RAv9meE
26,6002x,v9Vs7aqpeIY
27,6002x,vLuFuBK5B-g
28,6002x,IheR61HA7LA
29,6002x,HIxgva6lDXo
30,6002x,ndUaAgdhqOY
31,6002x,RAxyscAwETM
32,6002x,GDHEy1vdEic
33,6002x,t24YP3JIKI8
34,6002x,R4KxlqsuZ0A
35,6002x,K0bSfdyXdtQ
36,6002x,vfJxl88Zm88
37,6002x,bSDQuMKo9Ks
38,6002x,3F_Zg83yl2U
39,6002x,X-68e0Ei7PI
40,6002x,RtyCCE5-C70
41,6002x,8rK9vnpystQ
42,6002x,JB9afp87bmg
43,6002x,wL8keIhc1-A
44,6002x,KhYtUbLlmfA
45,6002x,tdkyZdW6Q5Q
46,6002x,s7hhixHHYoA
47,6002x,6UURLn3-LWw
48,6002x,O36qYmBF47k
49,6002x,TFx6LUdcjQM
50,6002x,7m8pab1MfYY
51,6002x,8qFk4J1GnJk
52,6002x,thx9bZQUZz4
53,6002x,UVFBXMOWn8k
54,6002x,QT7MbAQzuXc
55,6002x,MJBOnZudkOA
56,6002x,Rux9VTPkAoE
57,6002x,vRQVzvZyXrA
58,6002x,HHy3-8bfldY
59,6002x,r5gSBFxDuCw
60,6002x,LTK055utImI
61,6002x,uKaQX89gsz0
62,6002x,3fQRhKuSGsE
63,6002x,ou7LgMGBmkQ
64,6002x,HhzEciXXSzU
65,6002x,OLSkdIY2nNs
66,6002x,sPrAGCitiEw
67,6002x,LSFEUhCZ87A
68,6002x,i3IHkHppuCc
69,6002x,2SwT6JnfCq8
70,6002x,WwJ5_4zaeC8
71,6002x,7ssVrey04Pw
72,6002x,UrJNu9KFEy8
73,6002x,UJu_O4HwP_0
74,6002x,ZCWXx0VfSes
75,6002x,UpbC_s2nOzg
76,6002x,3XreUG5bYhs
77,6002x,JHJoCuIbi8Y
78,6002x,d9YCPd6nZSQ
79,6002x,S9fzplLTbXM
80,6002x,qC4QAKu1JHg
81,6002x,zcLhNDy4aLY
82,6002x,8kARlsUt9lM
83,6002x,Id8zWCeKFAg
84,6002x,rOS0pPcM5k0
85,6002x,PkZXPZJD2CM
86,6002x,pm1uDgK3e80
87,6002x,1Qa71jJ6lkU
88,6002x,XbDRmF6J0K0
89,6002x,FbgxCWfLDRk
90,6002x,R53IGEDBquE
91,6002x,RzfGFGGUdNQ
92,6002x,HtmqD99GIDY
93,6002x,J6xNyT3FfM8
94,6002x,ke3SL_R92ys
95,6002x,-a5l-JuEm-4
96,6002x,CcXgzdi90zs
97,6002x,yehtgMNafbw
98,6002x,MAb9HF4qJqw
99,6002x,KgDbo0rDwrk
100,6002x,JW3ZLKl2mcQ
101,6002x,BimuBdq5KqQ
102,6002x,kb8Lb01Bob4
103,6002x,0ZeuYSMdHJI
104,6002x,Db26EK3jdIw
105,6002x,OoFKydrqT2g
106,6002x,mItCnafKssA
107,6002x,ri5VFFjuSQI
108,6002x,fDtrSZ69xII
109,6002x,T6jJuBoPtK4
110,6002x,FckIoHsHNsQ
111,6002x,3joH_EVnFHI
112,6002x,kUHP--cN_p0
113,6002x,RorXnZl5kYQ
114,6002x,pflzzK47wEo
115,6002x,iFdIUgzzG4w
116,6002x,4cLA-IME32w
117,6002x,LMKqEEiiV5U
118,6002x,R9ulJ9Gu-ik
119,6002x,gl85nH-Gomo
120,6002x,xV-3Bv70riQ
121,6002x,ES4VVGjf13U
122,6002x,ClMTQVuyAM0
123,6002x,AwH1oOUpwDk
124,6002x,N6Ly6_tFy4I
125,6002x,qaOljUCNMFs
126,6002x,uFxur2j8Neo
127,6002x,erwRYiQveAg
128,6002x,FIJEikjwYSw
129,6002x,FS7VH9i14RU
130,6002x,oV_GKiW7I4k
131,6002x,GeHAvrK091w
132,6002x,Ws1DfKmgDjI
133,6002x,cXn5_WFTRRQ
134,6002x,ufpOFgNfkno
135,6002x,5uKqMpQqNtk
136,6002x,h5un9eTgQbU
137,6002x,bmys8aKCjCo
138,6002x,IbyLGICV1l8
139,6002x,jfpBWuBRhzM
140,6002x,PzBZENXgN7g
141,6002x,qxXZuPKCEXk
142,6002x,LQmOCFwCw3s
143,6002x,GAAsrL_HHGI
144,6002x,JqvKtMNz3RQ
145,6002x,NEXQhlQhg7s
146,6002x,o7DDWv1XTuU
147,6002x,LOOsbsBLT7M
148,6002x,pFOrD8k9_p4
149,6002x,30gff5JsupY
150,6002x,q047qI7_Qcg
151,6002x,zO75C2RW1EY
152,6002x,57gRsMb7E54
153,6002x,6SKuj9DL57A
154,6002x,rAOKcmHvM9M
155,6002x,123d7nkScGM
156,6002x,p2Q6BrNhdh8
157,6002x,HSJaH49M8Aw
158,6002x,wZxr3nlnhQo
159,6002x,0hc7okPX0Ec
160,6002x,h2EtLMoAMOQ
161,6002x,ACwDG8aZOpI
162,6002x,COdQmA9g9S8
163,6002x,olfTmIJmESI
164,6002x,YMHdPnSknOI
165,6002x,i-ozoPc7XYs
166,6002x,YCDlXd1VCDM
167,6002x,ps-2t_CBvgI
168,6002x,3IpzOz0OAis
169,6002x,zFeOxEguHig
170,6002x,6OGoyMFaFjo
171,6002x,OEoXaMPEzfM
172,6002x,Oy6SWLhQ93U
173,6002x,A5idDYoKHvY
174,6002x,e8dAaGzDB9A
175,6002x,Yf0W08XJkfg
176,6002x,jg0UwGo_LAM
177,6002x,KLim9Xkp7IY
178,6002x,b93KDTZDYrs
179,6002x,wO-WqB_k9QQ
180,6002x,1XSk8A0AlEQ
181,6002x,dyxcCoUgETU
182,6002x,qeH0acVUHkU
183,6002x,XVI0WhSvFiM
184,6002x,eZEKYbDGFeE
185,6002x,FAPNQjourz8
186,6002x,2s9z1zLOAJY
187,6002x,_uxoI3ejIi8
188,6002x,he_UAl7owSQ
189,6002x,6oymjysZT7Y
190,6002x,w0BgSQZCnLM
191,6002x,ek34PbIE2g0
192,6002x,HSqbzBmd3Lw
193,6002x,GwtdpKJvPyM
194,6002x,aKDzO9l2DJA
195,6002x,zvgph2VRFlM
196,6002x,wDuri01UZe0
197,6002x,v4ki80OhsnA
198,6002x,4_V_8uAVdmg
199,6002x,PZM2lzm7MOI
200,6002x,7fUO2fagfww
201,6002x,8RpRJtbjrZk
202,6002x,96uZhT7tH_U
203,6002x,ma9XMQ5I2Xo
204,6002x,rqIzc_8mwC0
205,6002x,e6L3J55P-a8
206,6002x,P6KqCB8fMhs
207,6002x,CvEBpQooRSU
208,6002x,inE_BjEJqp8
209,6002x,vNMrbPvwhU4
210,6002x,MIYHeZubhCA
211,6002x,XzTH9DXXut0
212,6002x,aoa8PCsrE3Y
213,6002x,qs0RJz5mmYg
214,6002x,2szjZQrVPcA
215,6002x,CeuwZe9tXrg
216,6002x,odVt2Dyogjs
217,6002x,fIxNvrna-sw
218,6002x,OGtElTMJidE
219,6002x,gZ6D6XfuJXA
220,6002x,CdS_Zi6hCeI
221,6002x,qQaE6pLWmCE
222,6002x,IzULGSWdcGk
223,6002x,jZ9HCQ9fhJw
224,6002x,aAJQrTmLvVE
225,6002x,fpbfO-C9Ic8
226,6002x,FLVUXzXfblQ
227,6002x,gc50P_5-E_0
228,6002x,H1H0AaDm5u8
229,6002x,hUdKvZKpZNQ
230,6002x,jeo1R9LskHU
231,6002x,IOIaZE_SWr8
232,6002x,SvgakMnWfL0
233,6002x,9AuNxUce_nU
234,6002x,Fb9VxdICUEs
235,6002x,ZopySooEsTw
236,6002x,t3xxID1Now4
237,6002x,Pcofm5pfJf8
238,6002x,vueelNwZwCc
239,6002x,wPdzCgGTV14
240,6002x,wdLfM9aWB6w
241,6002x,-I9qkECjpvo
242,6002x,xS0q_XMbvTY
243,6002x,aJNNkQPGEMY
244,6002x,2deIoNhqDsg
245,6002x,sD2JKTB77jg
246,6002x,Z6VtNJguPn8
247,6002x,oWsUfA83ehw
248,6002x,-t8_ybtR7tc
249,6002x,GOJS0PDywjQ
250,6002x,Uk2S0x_V040
251,6002x,bEJ0-8pANA4
252,6002x,tuek8ax5lDs
253,6002x,VGrmAKzicNM
254,6002x,SgQ6CH4DC68
255,6002x,Q3IF4g9eH34
256,6002x,kB6-nallVQ4
257,6002x,rf8vYE88DLk
258,6002x,dnUDhavprO8
259,6002x,GgCpm9X2698
260,6002x,N3jXyuAz5Dg
261,6002x,10F9UvWlZrs
262,6002x,gHjz3qq-7ec
263,6002x,ZU2ALNL9tUg
264,6002x,qVJ6RRHL404
265,6002x,Q64zUuDFX_A
266,6002x,t_i32pF-XAk
267,6002x,nMpq_giOO6M
268,6002x,OLd8y51JKxI
269,6002x,vcblK5M2JtI
270,6002x,7trPQs309wo
271,6002x,MCf82a-PK9o
272,6002x,hNMXLMfzkHU
273,6002x,55UTA1eKhik
274,6002x,z5ESmAAeIuw
275,6002x,KKUbQeB9uAM
276,6002x,R1s7x_UVF2Q
277,6002x,bgeeigJepn0
278,6002x,mHvf1lfRoj0
279,6002x,WTxCUn61K2o
280,6002x,vxRip_Fxwi8
281,6002x,Gh72vp5rB14
282,6002x,-RNnPC6fmjY
283,6002x,7LF_wDlQWT8
284,6002x,8_3Je64Rz1I
285,6002x,wsfdXg02VE0
286,6002x,kjZFwlil71k
287,6002x,sQR64KcQ1TE
288,6002x,wvJ48Om5Y7U
289,6002x,Tr5XaA930PM
290,6002x,qsPg03qsxvA
291,6002x,aQo1X4Y0Lo0
292,6002x,jiSZUxAIWNk
293,6002x,9jgMk_m97ew
294,6002x,OboByU_uH-Y
295,6002x,gPwpeiEQaCI
296,6002x,Hk_WLKQPi8g
297,6002x,AHgddk__CDQ
298,6002x,yMO8WynV5-w
299,6002x,bKMI4KzltZ8
300,6002x,HCacXd7yf5I
301,6002x,aDFSWMLJCNE
302,6002x,EWD-sNLs2Xw
303,6002x,YmMt_OuBK7M
304,6002x,G5Rs9Xvqpcs
305,6002x,WT4ilp0XLlo
306,6002x,26JPceJR2d4
307,6002x,KsDpWC2M-i0
308,6002x,HKBIMLzuuBg
309,6002x,Oy13En_Frp4
310,6002x,4As8INqVVYs
311,6002x,VDkt5vXy82k
312,6002x,vuzALI5WJ6U
313,6002x,2xJIfHLFdHA
314,6002x,fWjGw7EsemM
315,6002x,G9vU-5BHVY8
316,6002x,38euKuG1cUs
317,6002x,R5y0MUfAkag
318,6002x,p2CWUniNmr4
319,6002x,tlJ5r-fVSpA
320,6002x,jCRj_3pU62k
321,6002x,U4TzwyFriSA
322,6002x,URDBeyXg7oA
323,6002x,8fhUjsUUJYU
324,6002x,0f96IDJyV0w
325,6002x,MENusF9dKOU
326,6002x,QSiRNiG_7EQ
327,6002x,7qMnlg7bOhQ
328,6002x,m_Lh09hUOFo
329,6002x,Gdl9iu5O1NE
330,6002x,Z7m-xKsbQF8
331,6002x,fz8HDHP6z1Q
332,6002x,UwpSwe_RIbM
333,6002x,1uAbYCdIf3g
334,6002x,WTUMb0N93XM
335,6002x,3hK8LjQ76uw
336,6002x,uleLYScKCJo
337,6002x,h1cW_Y6MTLg
338,6002x,wTDf3iSEGuE
339,6002x,iO-TFdSwsq4
340,6002x,z4Bw9Vvx7es
341,6002x,4XNg0nsg1Tg
342,6002x,WGNNU5WjW8Q
343,6002x,tlHnLTMu-AU
344,6002x,s8nuH-OymHs
345,6002x,9kpQ9e3n0OA
346,6002x,PTyjPaokP-0
347,6002x,c2MHnbUqonE
348,6002x,eLGa_Wo6JxA
349,6002x,zqqSOCUD8A0
350,6002x,zNXxAyhaOBI
351,6002x,Z-7S6KsSRgE
352,6002x,AfQxyVuLeCs
353,6002x,5ej_Qgk9wUs
354,6002x,b08nN786YaE
355,6002x,9RqFFlZgf60
356,6002x,HaCCN9l_lxk
357,6002x,R6p-exei1yQ
358,6002x,DJafcK9z2uc
359,6002x,SMHCV5rgN00
360,6002x,XCyTL4F0f1c
361,6002x,bfRCYJR8rBc
362,6002x,KJsCNJUl640
363,6002x,jh43bZZy0h0
364,6002x,GBzPJYfNfUQ
365,6002x,4UZ67XfujLA
366,6002x,xneJbj1S34k
367,6002x,6E5g621pCHo
368,6002x,9yhPHVd3NZ8
369,6002x,6jQf3f8tip8
370,6002x,fPBhGNkLWvc
371,6002x,gdvjxPs8yOg
372,6002x,P3LsChCxzq4
373,6002x,-h4HeE__y-g
374,6002x,EgJPIxbwS04
375,6002x,SEwQxPNUAno
376,6002x,3GdMaDzIUeQ
377,6002x,YN2IMdBEEXI
378,6002x,-usuqgYj3O8
379,6002x,q9EOCWBa92A
380,6002x,YdUMd531ODA
381,6002x,AnTf6vS5aO8
382,6002x,sMuMQhwQ8ck
383,6002x,XgSOO1sfsa4
384,6002x,RJTIDCzcKPo
385,6002x,es8TOiaouSw
386,6002x,JrsRKwGUfLU
387,6002x,l_BNQWWYHdM
388,6002x,EG-fRTJln_E
389,6002x,kgQgTj35-gY
390,6002x,xtlYYc1hefY
391,6002x,OlvAA0AX4Do
392,6002x,UznQ-ZYmRDw
393,6002x,oUKNSU_-S5c
394,6002x,_6S0xsKJZVk
395,6002x,m_oIxTcQ9Qo
396,6002x,oMsHwNJFAvg
397,6002x,3g8ZeZlpv8E
398,6002x,GBafQI0QXa0
399,6002x,TuBaGLc6oVo
400,6002x,9gpAhT3M-2c
401,6002x,7_GjgHt4zkM
402,6002x,cR8XukMGdjk
403,6002x,ZgWmK7vjOLo
404,6002x,gpJFKfoSFhs
405,6002x,BVvELD7z_ZM
406,6002x,t2RR4Optr-U
407,6002x,VhNgUD7suww
408,6002x,rysqcHqcuBw
409,6002x,4rpg8Bq6hb4
410,6002x,Hrk6eegea8A
411,6002x,FAED_NsdvKA
412,6002x,MuX4d2AjHeg
413,6002x,qMNz8yca0No
414,6002x,o5vf7o-OLNg
415,6002x,3nOKqJOJP_U
416,6002x,imVB_e-cNkw
417,6002x,0LxH9Hwf0Ms
418,6002x,2XgRwsPxhKM
419,6002x,_S14wuKRhFQ
420,6002x,hAkcNuyVMqM
421,6002x,G_2F9wivspM
422,6002x,0iQkPm8rwDA
423,6002x,iL9WrFiBQa0
424,6002x,JB2HgohNHYQ
425,6002x,49JvUpl0VaQ
426,6002x,TbZs6MV-cM4
427,6002x,NAlQWlfiB_Y
428,6002x,JZtoX5DH4T0
429,6002x,SRSYiAuesj8
430,6002x,7PIC8V7s3Xw
431,6002x,EC5VCUOVdG4
432,6002x,4TCnYYpZxEc
433,6002x,RsJ1eg7XNVs
434,6002x,LcA9-GgawSU
435,6002x,B-xRpQwZsYc
436,6002x,nv8G8lsvuQc
437,6002x,aNBsTCVau6s
438,6002x,sMJ0Oczswow
439,6002x,2Fyt3zbgCzg
440,6002x,o2pLltkrhGM
441,6002x,GMwcG1jK1fs
442,6002x,d2Su_3_EP1A
443,6002x,ck3TDDf0dYU
444,6002x,AQfYNn3ltbI
445,6002x,YGg3Hh90OgU
446,6002x,-CWjfl0DKm8
447,6002x,ybQCYIZcqOM
448,6002x,BWOKfAHkXt8
449,6002x,s1bjVNWEptk
450,6002x,Jl09eulUf0Q
451,6002x,htk6E6nAsj8
452,6002x,w-jAzq2irDs
453,6002x,0Z2ZuwYiit0
454,6002x,tkCGifpXVtE
455,6002x,FUivoVCD5Qo
456,6002x,2CcLQhtINLY
457,6002x,RJ2xmuu5KZw
458,6002x,HRDQP59ZSw8
459,6002x,VRwQMn58klI
460,6002x,wNuBD4PYWvs
461,6002x,5XO4EhmOXBw
462,6002x,qehrY5JUkbQ
463,6002x,Q8f00yvaF6c
464,6002x,0RvebLklcBc
465,6002x,nw8v8JyRzEw
466,6002x,WKdbevNkW-4
467,6002x,oL82QF2Glfw
468,6002x,1CrRlT7sL9E
469,6002x,aE685gdxzWQ
470,6002x,8SbHWUZNavA
471,6002x,F7dIvkd45Vg
472,6002x,AHA-1Odq9us
473,6002x,Exirl2UjvKU
474,6002x,oX46YqHWgyw
475,6002x,FKS0RxHv-ho
476,6002x,vC_QEQZUsPc
477,6002x,wJHeTVL7cgQ
478,6002x,rrV_zhoY60o
479,6002x,gapFtWGQv-w
480,6002x,shjp5pkFhQs
481,6002x,ZLhjMKAjNaY
482,6002x,5YzFffv0sM0
483,6002x,9oGx4uGvWZA
484,6002x,08kTr0928uI
485,6002x,pEvdYkTfJcI
486,6002x,72ktk_Q-L4k
487,6002x,C6krfZ8sm48
488,6002x,0CFJ2p3VQpk
489,6002x,8y_nQ3_MIzI
490,6002x,pm_2sV1tIS8
491,6002x,Nijya-QJ45Y
492,6002x,7g7jzGnqffE
493,6002x,3fCu05scfzw
494,6002x,_wDszboJ7vM
495,6002x,Km9YIdkc2Oo
496,6002x,ypX20WnHNQw
497,6002x,VOPwWjALSQA
498,6002x,GYWcetA4k-w
499,6002x,7TlcG0fVPow
500,6002x,CO1GaQ_aABk
501,6002x,Q-rY8DIwYgg
502,6002x,2lOvML0FtU8
503,6002x,9V-z7lkSs8A
504,6002x,tYuwhk0rleU
505,6002x,iYm2fQT4Czc
506,6002x,Dn15yA2e5LU
507,6002x,SMVp8kv_rlg
508,6002x,giWrmvBUB4Y
509,6002x,bX8i2yECWaU
510,6002x,WP9XIVvpijY
511,6002x,O9wRbYBy8Vs
512,6002x,o9SCNk4JHDo
513,6002x,SrGdVy9-WFw
514,6002x,hCdWt5ainuw
515,6002x,6NcSAv6sl0w
516,6002x,7-yhB5vndho
517,6002x,Je6sMyc4TRU
518,6002x,Si8QS1ddFno
519,6002x,jlX8hpZvnUQ
520,6002x,KS84Z5HKgbM
521,6002x,v6vqWasIHaw
522,6002x,wb8UrZBuu8M
523,6002x,A0EgSI7zuVU
524,6002x,bH1ytKNX_Fg
525,6002x,bTXYwsuMSWg
526,6002x,Z5b1oBBtvyA
527,6002x,AOd9r70gtr0
528,6002x,BnVvqxYMNyU
529,6002x,3g5gEoUGD4w
530,6002x,FEcMbnro8Q8
531,6002x,7yLsVBrt19A
532,6002x,HyBLqAtfWK8
533,6002x,WRHqCrSE-Rk
534,6002x,D7XCZlqBPU0
535,6002x,61NwBjTYBWE
536,6002x,euqBOSBSBFA
537,6002x,T2NRdHHQlOA
538,6002x,orXdaSr3Qi0
539,6002x,HrZS106zxI4
540,6002x,XRVab8Q6dZ0
541,6002x,eLAyO33baQ8
542,6002x,r2mabHxQZ34
543,6002x,1Y0R0tI5NqE
544,6002x,MVDH7sF8zdQ
545,6002x,FpSJg9HQvhA
546,6002x,eHYSfeqHQ4s
547,6002x,QNg4OEvaq2E
548,6002x,ZSo0SfCXZlE
549,6002x,Ifu1Ud-lk08
550,6002x,oTsdePe8tHE
551,6002x,56Xa9sSn9y8
552,6002x,3NIegrCmA5k
553,6002x,W0OwY7cAxCk
554,6002x,QoduAinbaKQ
555,6002x,dzO5BqZ_en4
556,6002x,FmtLcl19oWY
557,6002x,xnoAyQeGZis
558,6002x,2W1APkWK5uI
559,6002x,1bK-WdDi6Qw
560,6002x,cgNmK-rd8UE
561,6002x,97YhXH76Il0
562,6002x,AbdeUbrz0qE
563,6002x,BX-ke_sOmJE
564,6002x,BGU1poJDgOY
565,6002x,kZj5cQ4SQrE
566,6002x,xcgXsPkX_mc
567,6002x,9WOY2dHz5i4
568,6002x,xk09olq_cJ0
569,6002x,9R02jMyn4Cg
570,6002x,XAwPE7Ky47E
571,6002x,ma0f56zkRGI
572,6002x,6An0s49nAH0
573,6002x,LYv6uaRk8L0
574,6002x,_1ER9lWc6T8
575,6002x,pHMtumqLqBQ
576,6002x,5E_GtifJD2Q
577,6002x,l9SBQ_OAXpI
578,6002x,DZPdezZATvk
579,6002x,gmIeCZ8ALdI
580,6002x,XRMvtdDJMIg
581,6002x,54m8gpykwyE
582,6002x,xMV79vWom0M
583,6002x,_t8T4QpzDxk
584,6002x,3SaQtdKynIM
585,6002x,BUsj70M8ikc
586,6002x,BjAjB-EIezY
587,6002x,KIS5AF-Fsoc
588,6002x,ZQeDIfeAFNY
589,6002x,qE9gCFkIR1Y
590,6002x,44SVqfzIUmI
591,6002x,Cj0oQKZNX_4
592,6002x,C0JP3p06g3o
593,6002x,wlcwr1VIQ7Y
594,6002x,jdn9hXyviCE
595,6002x,M6zrANNaY9Q
596,6002x,gntWSKPBkOk
597,6002x,V1_MS_lrPsY
598,6002x,1Y96PfmPqDc
599,6002x,YsaJ1ynRGyU
600,6002x,CcgAYu0n0bg
601,6002x,pQX73bEQY1A
602,6002x,3c8nYVolWPo
603,6002x,2vHGYdepKLw
604,6002x,2QxS1M00d3M
605,6002x,3LS00Yvgo-g
606,6002x,hKC864mrCAw
607,6002x,xWpMb0tpyYU
608,6002x,Duh1RHZGMQ0
609,6002x,NC_dxHZwREU
610,6002x,IA4BYPyMP7o
611,6002x,6i38qVbJf2M
612,6002x,zpzcLzD2dV4
613,6002x,dVscp4ayvfo
614,6002x,WdugcnssxHA
615,6002x,u4J53auVMic
616,6002x,OXH92CRZbB0
617,6002x,vGgTBs3dNf0
618,6002x,3nCyei-6rtk
619,6002x,SaieZYN_WR0
620,6002x,9hfDCIJtT-4
621,6002x,nN4Sep27nCg
622,6002x,UuML_lIpPVo
623,6002x,8QEfTdAsUcA
624,6002x,ZlUE4f3kY3s
625,6002x,WoM6_VdE__M
626,6002x,hbKXPzsJt1E
627,6002x,mAgixUPZOpw
628,6002x,YL_OyLBi4Rs
629,6002x,bshi4A2iMJ4
630,6002x,yYPT0lBgfeM
631,6002x,K2QArYORmRg
632,6002x,-qWf9afcBcw
633,6002x,JFde2zCDTZw
634,6002x,s7xmU4a50p8
635,6002x,9PWxNe5wpz0
636,6002x,KawScqSYew0
637,6002x,rQqvUqvVdzk
638,6002x,02jk2f2qWCc
639,6002x,eX6HhcKJUUM
640,6002x,j-6AcHqrZZc
641,6002x,xWJUrqrfSQg
642,6002x,hzixiuQFddw
643,6002x,Sef9PgMlTS4
644,6002x,ZNpFu0Mtr_Q
645,6002x,Gei7z87X_Jc
646,6002x,NfnH9XCjLBI
647,6002x,JyvRaf_E1_M
648,6002x,mF4OkQw2OKc
649,6002x,Eu_e11FcCq4
650,6002x,XQOD0J-5vf8
651,6002x,KUoEEtse5pI
652,6002x,AEwvgztBf44
653,6002x,7gu521KA3C0
654,6002x,1Goe8gWwGMo
655,6002x,mj48DnoWVCA
656,6002x,7HoUa0qKmTw
657,6002x,JNC1C__IR68
658,6002x,QxbMZ6OHJaU
659,6002x,jgtWqPajpYE
660,6002x,4W2thfAeigI
661,6002x,HeMlMvI0SvY
662,6002x,awuiQj488tA
663,6002x,RQdyRhHDlRo
664,6002x,gA1SPo3yCQM
665,6002x,rnBrgT_wOuA
666,6002x,Kq-0sgJ3z_U
667,6002x,RF2GLzJEutM
668,6002x,B5CMp163RY4
669,6002x,ZKqRETRbYbI
670,6002x,-A_lvkO7TJs
671,6002x,pnHDLuxmXHo
672,6002x,ucYvm4YhSxg
673,6002x,Yoz1XC5JmL8
674,6002x,hIea8V5vXh8
675,6002x,slE6FSV7If0
676,6002x,Nnz0uwaf-Vg
677,6002x,VNPll-SdT_Y
678,6002x,j5fvdz_BSQY
679,6002x,onmYNWm7Gsw
680,6002x,9bAUDWtsUkE
681,6002x,w89JasJ2CWw
682,6002x,L1lZBl7OwrE
683,6002x,xal6k2pwvgA
684,6002x,4JZpHlNn-5A
685,6002x,P2lDiWVJbP0
686,6002x,2bx4AcaFuZE
687,6002x,Engj4X76cmI
688,6002x,CLxINF65Bi8
689,6002x,_1eo_jXvZnE
690,6002x,0A-AizAcYQI
691,6002x,gK9ooBfAuEc
692,6002x,zK0lml01-6g
693,6002x,6sCmrXMRkO8
694,6002x,TwQScW8yLek
695,6002x,d81T9ExNKPM
696,6002x,V0z_f7qxLcY
697,6002x,8iAty3Kla7U
698,6002x,v0nKHp2ELs0
699,6002x,vReZyS8iJBs
700,6002x,_hucHz6XZDk
701,6002x,-lb4ncSgkxk
702,6002x,EZrcoqj0qSQ
703,6002x,27GsG_REo_w
704,6002x,3sWKu1arHKE
705,6002x,WT-qzgaKeGI
706,6002x,227NDapJIz0
707,6002x,fGyEFC4xzSI
708,6002x,FEkIDvDssuo
709,6002x,REzn6NUs_Mc
0,201x,907TqvaiftY
1,201x,GOLoXI6ZfbU
2,201x,gRelDIfi2pk
3,201x,ag3CkeQsRYo
4,201x,SuZKX3pB-64
5,201x,Y-C_G4SvrLU
6,201x,OnvH42NZwDY
7,201x,oAFLDIqNWK0
8,201x,7m8pab1MfYY
9,201x,aji7au0yerw
10,201x,hUT852ScL24
11,201x,3Z2V8Mv_YMw
12,201x,owJlfr6MgBo
13,201x,R1NbGV49fKA
14,201x,pflzzK47wEo
15,201x,s07G3myFfgE
16,201x,0zsDuUinQHU
17,201x,Syl-e9qmgzU
18,201x,AsOu3iXK9lw
19,201x,ZUoGu5mEVGM
20,201x,OEoXaMPEzfM
21,201x,0IITcE7cfOU
22,201x,yswiXyw0Io4
23,201x,ZxnQEs07GJg
24,201x,Zj06I62xY3I
25,201x,j38vbSZk5Lc
26,201x,NYIoPtUVzqY
27,201x,FXQUtAI-uY4
28,201x,hnXC0v10n0o
29,201x,BGuIikjQ-D4
30,201x,f7Pr9XZHca0
31,201x,K3RHxTwBH-w
32,201x,e5Ysh7XxQuM
33,201x,_fs2WaaE6ow
34,201x,jYa7IG7ZWJA
35,201x,04VrGHMcM34
36,201x,YzWISgQAPSE
37,201x,PZPAkpbsYHo
38,201x,tT78GmyGMYM
39,201x,wF8dmz8-WFo
40,201x,aZwBeaOH2ek
41,201x,4c7ijkwqXvs
42,201x,iWfHMUWxfB0
43,201x,L5rzzzp1z9Q
44,201x,ClJOrERUnB4
45,201x,fzcyzG1Ivcc
46,201x,UHzQhLWU0WY
47,201x,dN5mo8CrlzI
48,201x,lcWVUsqUbLU
49,201x,vrx3H_aaYTU
50,201x,mDpIWpc_UKQ
51,201x,MhAqjBIYxVQ
52,201x,Crb4gIprC6A
53,201x,9z8UrGgLBP4
54,201x,uxSBOzV0RnQ
55,201x,mB5FVtwMNy0
56,201x,yJrhhk7_ekU
57,201x,jfjkO1EVPvc
58,201x,8FOToecnMJk
59,201x,5sybv8Ujams
60,201x,dH0oBewixFQ
61,201x,c8-rXxnPq9c
62,201x,xvRTvdT0-pY
63,201x,6MAkB0XAKJQ
64,201x,A0HFP52Lsuw
65,201x,1x-NHX2SvaA
66,201x,eMg1eWF7tfU
67,201x,6RMhYWxNRTU
68,201x,Q-rY8DIwYgg
69,201x,vTrD0nnfEbY
70,201x,pBX__Ihmjjw
71,201x,qtLKzCtY9aY
72,201x,qGrJ9KAInsI
73,201x,ehEeIsJDjP0
74,201x,2ao_MNgRdaA
75,201x,Ih_aK9d1r6c
76,201x,_A0OR6eDlbw
77,201x,zeD7HS9Xw70
78,201x,Y-vkalBQmyA
79,201x,OzxKttijndw
80,201x,zwKR6_EzGBY
81,201x,3HCjIcMsiFQ
82,201x,kY9Wf7O7xVQ
83,201x,pSt8T_vQ3tg
84,201x,WCwThb0B-WI
85,201x,RQdyRhHDlRo
86,201x,vLBAhZSpv6Q
87,201x,44B0jaGY4oc
88,201x,K91CDvRLD4M
